Accession,Organism_Name,GenBank_RefSeq,Assembly,Submitters,Organization,Org_location,Release_Date,Isolate,Species,Length,Nuc_Completeness,Geo_Location,Country,USA,Host,Tissue_Specimen_Source,Collection_Date,Lineage,WNND,Evidence/indicator,
NC_009942,West Nile virus,RefSeq,GCF_000875385.1,"Faggioni,G., Pomponi,A., De Santis,R., Masuelli,L., Ciammaruconi,A., Monaco,F., Di Gennaro,A., Marzocchella,L., Sambri,V., Lelli,R., Rezza,G., Bei,R., Lista,F., Borisevich,V., Seregin,A., Nistler,R., Mutabazi,D., Yamshchikov,V.","National Center for Biotechnology Information, NIH",USA,10/19/07,385-99,Orthoflavivirus nilense,11029,complete,USA,USA,NA,NA,NA,NA,Lineage_1,1,https://pmc.ncbi.nlm.nih.gov/articles/PMC2600181/,reference sequence was derived from DQ211652
PQ679039,West Nile virus,GenBank,NA,"Vorovitch,M.F., Tuchynskaya,K.K., Kruglov,Y.A., Peunkov,N.S., Mostipanova,G.F., Kholodilov,I.S., Ivanova,A.L., Fedina,M.P., Gmyl,L.V., Morozkin,E.S., Roev,G.V., Karan,L.S., Karganova,G.G.","Chumakov Federal Scientific Center for Research and Development of Immune-and-Biological Products of RAS, Laboratory of biology of arboviruses",Russia,1/18/25,NA,Orthoflavivirus nilense,10912,complete,Russia: Moscow,Russia,NA,Homo sapiens,blood,2021,Lineage_2,1,https://pmc.ncbi.nlm.nih.gov/articles/PMC11680355/,
OP609790,West Nile virus,GenBank,NA,"Barzon,L., Pacenti,M., Montarsi,F., Fornasiero,D., Gobbo,F., Quaranta,E., Monne,I., Fusaro,A., Volpe,A., Sinigaglia,A., Riccetti,S., Molin,E.D., Satto,S., Lisi,V., Gobbi,F., Galante,S., Feltrin,G., Valeriano,V., Favero,L., Russo,F., Mazzucato,M., Bortolami,A., Mulatti,P., Terregino,C., Capelli,G., Quaranta,E.G., Palumbo,E., Schivo,A., Salviato,A.","Istituto Zooprofilattico Sperimentale delle Venezie, Division of Comparative Biomedical Science",Italy,11/13/22,NA,Orthoflavivirus nilense,10827,complete,Italy,Italy,NA,Homo sapiens,NA,7/4/22,Lineage_1,1,https://pmc.ncbi.nlm.nih.gov/articles/PMC11646088/,
OP609791,West Nile virus,GenBank,NA,"Barzon,L., Pacenti,M., Montarsi,F., Fornasiero,D., Gobbo,F., Quaranta,E., Monne,I., Fusaro,A., Volpe,A., Sinigaglia,A., Riccetti,S., Molin,E.D., Satto,S., Lisi,V., Gobbi,F., Galante,S., Feltrin,G., Valeriano,V., Favero,L., Russo,F., Mazzucato,M., Bortolami,A., Mulatti,P., Terregino,C., Capelli,G., Quaranta,E.G., Palumbo,E., Schivo,A., Salviato,A.","Istituto Zooprofilattico Sperimentale delle Venezie, Division of Comparative Biomedical Science",Italy,11/13/22,NA,Orthoflavivirus nilense,10767,complete,Italy,Italy,NA,Homo sapiens,NA,2022,Lineage_1,1,https://pmc.ncbi.nlm.nih.gov/articles/PMC11646088/,
OP609792,West Nile virus,GenBank,NA,"Barzon,L., Pacenti,M., Montarsi,F., Fornasiero,D., Gobbo,F., Quaranta,E., Monne,I., Fusaro,A., Volpe,A., Sinigaglia,A., Riccetti,S., Molin,E.D., Satto,S., Lisi,V., Gobbi,F., Galante,S., Feltrin,G., Valeriano,V., Favero,L., Russo,F., Mazzucato,M., Bortolami,A., Mulatti,P., Terregino,C., Capelli,G., Quaranta,E.G., Palumbo,E., Schivo,A., Salviato,A.","Istituto Zooprofilattico Sperimentale delle Venezie, Division of Comparative Biomedical Science",Italy,11/13/22,NA,Orthoflavivirus nilense,10801,complete,Italy,Italy,NA,Homo sapiens,NA,2022,Lineage_1,1,https://pmc.ncbi.nlm.nih.gov/articles/PMC11646088/,
OP609793,West Nile virus,GenBank,NA,"Barzon,L., Pacenti,M., Montarsi,F., Fornasiero,D., Gobbo,F., Quaranta,E., Monne,I., Fusaro,A., Volpe,A., Sinigaglia,A., Riccetti,S., Molin,E.D., Satto,S., Lisi,V., Gobbi,F., Galante,S., Feltrin,G., Valeriano,V., Favero,L., Russo,F., Mazzucato,M., Bortolami,A., Mulatti,P., Terregino,C., Capelli,G., Quaranta,E.G., Palumbo,E., Schivo,A., Salviato,A.","Istituto Zooprofilattico Sperimentale delle Venezie, Division of Comparative Biomedical Science",Italy,11/13/22,NA,Orthoflavivirus nilense,10827,complete,Italy,Italy,NA,Homo sapiens,NA,2022,Lineage_1,1,https://pmc.ncbi.nlm.nih.gov/articles/PMC11646088/,
OP609794,West Nile virus,GenBank,NA,"Barzon,L., Pacenti,M., Montarsi,F., Fornasiero,D., Gobbo,F., Quaranta,E., Monne,I., Fusaro,A., Volpe,A., Sinigaglia,A., Riccetti,S., Molin,E.D., Satto,S., Lisi,V., Gobbi,F., Galante,S., Feltrin,G., Valeriano,V., Favero,L., Russo,F., Mazzucato,M., Bortolami,A., Mulatti,P., Terregino,C., Capelli,G., Quaranta,E.G., Palumbo,E., Schivo,A., Salviato,A.","Istituto Zooprofilattico Sperimentale delle Venezie, Division of Comparative Biomedical Science",Italy,11/13/22,NA,Orthoflavivirus nilense,10827,complete,Italy,Italy,NA,Homo sapiens,NA,2022,Lineage_1,1,https://pmc.ncbi.nlm.nih.gov/articles/PMC11646088/,
OP609795,West Nile virus,GenBank,NA,"Barzon,L., Pacenti,M., Montarsi,F., Fornasiero,D., Gobbo,F., Quaranta,E., Monne,I., Fusaro,A., Volpe,A., Sinigaglia,A., Riccetti,S., Molin,E.D., Satto,S., Lisi,V., Gobbi,F., Galante,S., Feltrin,G., Valeriano,V., Favero,L., Russo,F., Mazzucato,M., Bortolami,A., Mulatti,P., Terregino,C., Capelli,G., Quaranta,E.G., Palumbo,E., Schivo,A., Salviato,A.","Istituto Zooprofilattico Sperimentale delle Venezie, Division of Comparative Biomedical Science",Italy,11/13/22,NA,Orthoflavivirus nilense,10762,complete,Italy,Italy,NA,Homo sapiens,NA,2022,Lineage_1,1,https://pmc.ncbi.nlm.nih.gov/articles/PMC11646088/,
OP609796,West Nile virus,GenBank,NA,"Barzon,L., Pacenti,M., Montarsi,F., Fornasiero,D., Gobbo,F., Quaranta,E., Monne,I., Fusaro,A., Volpe,A., Sinigaglia,A., Riccetti,S., Molin,E.D., Satto,S., Lisi,V., Gobbi,F., Galante,S., Feltrin,G., Valeriano,V., Favero,L., Russo,F., Mazzucato,M., Bortolami,A., Mulatti,P., Terregino,C., Capelli,G., Quaranta,E.G., Palumbo,E., Schivo,A., Salviato,A.","Istituto Zooprofilattico Sperimentale delle Venezie, Division of Comparative Biomedical Science",Italy,11/13/22,NA,Orthoflavivirus nilense,10812,complete,Italy,Italy,NA,Homo sapiens,NA,2022,Lineage_1,1,https://pmc.ncbi.nlm.nih.gov/articles/PMC11646088/,
OP609797,West Nile virus,GenBank,NA,"Barzon,L., Pacenti,M., Montarsi,F., Fornasiero,D., Gobbo,F., Quaranta,E., Monne,I., Fusaro,A., Volpe,A., Sinigaglia,A., Riccetti,S., Molin,E.D., Satto,S., Lisi,V., Gobbi,F., Galante,S., Feltrin,G., Valeriano,V., Favero,L., Russo,F., Mazzucato,M., Bortolami,A., Mulatti,P., Terregino,C., Capelli,G., Quaranta,E.G., Palumbo,E., Schivo,A., Salviato,A.","Istituto Zooprofilattico Sperimentale delle Venezie, Division of Comparative Biomedical Science",Italy,11/13/22,NA,Orthoflavivirus nilense,10761,complete,Italy,Italy,NA,Homo sapiens,NA,2022,Lineage_1,1,https://pmc.ncbi.nlm.nih.gov/articles/PMC11646088/,
OP609798,West Nile virus,GenBank,NA,"Barzon,L., Pacenti,M., Montarsi,F., Fornasiero,D., Gobbo,F., Quaranta,E., Monne,I., Fusaro,A., Volpe,A., Sinigaglia,A., Riccetti,S., Molin,E.D., Satto,S., Lisi,V., Gobbi,F., Galante,S., Feltrin,G., Valeriano,V., Favero,L., Russo,F., Mazzucato,M., Bortolami,A., Mulatti,P., Terregino,C., Capelli,G., Quaranta,E.G., Palumbo,E., Schivo,A., Salviato,A.","Istituto Zooprofilattico Sperimentale delle Venezie, Division of Comparative Biomedical Science",Italy,11/13/22,NA,Orthoflavivirus nilense,10826,complete,Italy,Italy,NA,Homo sapiens,NA,2022,Lineage_1,1,https://pmc.ncbi.nlm.nih.gov/articles/PMC11646088/,
MK947397,West Nile virus,GenBank,NA,"Zakotnik,S., Korva,M., Knap,N., Sagadin,M., Zorec,T.M., Avsic Zupanc,T.","Institute of Microbiology and Immunology, Faculty of Medicine, University of Ljubljana, Laboratory for Diagnostics of Zoonoses and WHO Centre",Slovenia,11/29/20,WNV-2950,Orthoflavivirus nilense,11017,complete,Slovenia,Slovenia,NA,Homo sapiens,urine,8/23/18,Lineage_2,1,https://pmc.ncbi.nlm.nih.gov/articles/PMC7411925/,
MW142223,West Nile virus,GenBank,NA,"Pietsch,C., Michalski,D., Munch,J., Petros,S., Bergs,S., Trawinski,H., Lubbert,C., Liebert,U.G.","Leipzig University Hospital, Institute of Virologie",Germany,11/29/20,LE2/2020/Leipzig/Germany,Orthoflavivirus nilense,11005,complete,Germany,Germany,NA,Homo sapiens,NA,2020-08,Lineage_2,1,https://pmc.ncbi.nlm.nih.gov/articles/PMC7678033/,
MW142224,West Nile virus,GenBank,NA,"Pietsch,C., Michalski,D., Munch,J., Petros,S., Bergs,S., Trawinski,H., Lubbert,C., Liebert,U.G.","Leipzig University Hospital, Institute of Virologie",Germany,11/29/20,LE3/2020/Leipzig/Germany,Orthoflavivirus nilense,11005,complete,Germany,Germany,NA,Homo sapiens,NA,2020-08,Lineage_2,1,https://pmc.ncbi.nlm.nih.gov/articles/PMC7678033/,
MW142226,West Nile virus,GenBank,NA,"Pietsch,C., Michalski,D., Munch,J., Petros,S., Bergs,S., Trawinski,H., Lubbert,C., Liebert,U.G.","Leipzig University Hospital, Institute of Virologie",Germany,11/29/20,LE5/2020/Leipzig/Germany,Orthoflavivirus nilense,11005,complete,Germany,Germany,NA,Homo sapiens,NA,2020-08,Lineage_2,1,https://pmc.ncbi.nlm.nih.gov/articles/PMC7678033/,
MW142227,West Nile virus,GenBank,NA,"Pietsch,C., Michalski,D., Munch,J., Petros,S., Bergs,S., Trawinski,H., Lubbert,C., Liebert,U.G.","Leipzig University Hospital, Institute of Virologie",Germany,11/29/20,LE6/2020/Leipzig/Germany,Orthoflavivirus nilense,11005,complete,Germany,Germany,NA,Homo sapiens,NA,2020-08,Lineage_2,1,https://pmc.ncbi.nlm.nih.gov/articles/PMC7678033/,
MF984337,West Nile virus,GenBank,set:MF984337,"Kolodziejek,J., Jungbauer,C., Aberle,S.W., Allerberger,F., Bago,Z., Camp,J.V., Dimmel,K., de Heus,P., Kolodziejek,M., Schiefer,P., Seidel,B., Stiasny,K., Nowotny,N., Camp,J., Schmoll,F.","University of Veterinary Medicine Vienna, Pathobiology, Institute of Virology",Austria,3/28/18,NA,Orthoflavivirus nilense,10990,complete,Austria,Austria,NA,Homo sapiens,blood,2015,Lineage_2,0,https://www.tandfonline.com/doi/full/10.1038/s41426-018-0021-5#d1e513,
MF984338,West Nile virus,GenBank,set:MF984338,"Kolodziejek,J., Jungbauer,C., Aberle,S.W., Allerberger,F., Bago,Z., Camp,J.V., Dimmel,K., de Heus,P., Kolodziejek,M., Schiefer,P., Seidel,B., Stiasny,K., Nowotny,N., Camp,J., Schmoll,F.","University of Veterinary Medicine Vienna, Pathobiology, Institute of Virology",Austria,3/28/18,NA,Orthoflavivirus nilense,10836,complete,Austria,Austria,NA,Homo sapiens,blood,2015,Lineage_2,0,https://www.tandfonline.com/doi/full/10.1038/s41426-018-0021-5#d1e513,
MF984339,West Nile virus,GenBank,set:MF984339,"Kolodziejek,J., Jungbauer,C., Aberle,S.W., Allerberger,F., Bago,Z., Camp,J.V., Dimmel,K., de Heus,P., Kolodziejek,M., Schiefer,P., Seidel,B., Stiasny,K., Nowotny,N., Camp,J., Schmoll,F.","University of Veterinary Medicine Vienna, Pathobiology, Institute of Virology",Austria,3/28/18,NA,Orthoflavivirus nilense,10831,complete,Austria,Austria,NA,Homo sapiens,blood,2015,Lineage_2,0,https://www.tandfonline.com/doi/full/10.1038/s41426-018-0021-5#d1e513,
MF984340,West Nile virus,GenBank,set:MF984340,"Kolodziejek,J., Jungbauer,C., Aberle,S.W., Allerberger,F., Bago,Z., Camp,J.V., Dimmel,K., de Heus,P., Kolodziejek,M., Schiefer,P., Seidel,B., Stiasny,K., Nowotny,N., Camp,J., Schmoll,F.","University of Veterinary Medicine Vienna, Pathobiology, Institute of Virology",Austria,3/28/18,NA,Orthoflavivirus nilense,10831,complete,Austria,Austria,NA,Homo sapiens,blood,2015,Lineage_2,0,https://www.tandfonline.com/doi/full/10.1038/s41426-018-0021-5#d1e513,
MF984341,West Nile virus,GenBank,set:MF984341,"Kolodziejek,J., Jungbauer,C., Aberle,S.W., Allerberger,F., Bago,Z., Camp,J.V., Dimmel,K., de Heus,P., Kolodziejek,M., Schiefer,P., Seidel,B., Stiasny,K., Nowotny,N., Camp,J., Schmoll,F.","University of Veterinary Medicine Vienna, Pathobiology, Institute of Virology",Austria,3/28/18,NA,Orthoflavivirus nilense,10658,complete,Austria,Austria,NA,Homo sapiens,blood,2015,Lineage_2,0,https://www.tandfonline.com/doi/full/10.1038/s41426-018-0021-5#d1e513,
MF984342,West Nile virus,GenBank,set:MF984342,"Kolodziejek,J., Jungbauer,C., Aberle,S.W., Allerberger,F., Bago,Z., Camp,J.V., Dimmel,K., de Heus,P., Kolodziejek,M., Schiefer,P., Seidel,B., Stiasny,K., Nowotny,N., Camp,J., Schmoll,F.","University of Veterinary Medicine Vienna, Pathobiology, Institute of Virology",Austria,3/28/18,NA,Orthoflavivirus nilense,10831,complete,Austria,Austria,NA,Homo sapiens,blood,2015,Lineage_2,0,https://www.tandfonline.com/doi/full/10.1038/s41426-018-0021-5#d1e513,
MF984343,West Nile virus,GenBank,set:MF984343,"Kolodziejek,J., Jungbauer,C., Aberle,S.W., Allerberger,F., Bago,Z., Camp,J.V., Dimmel,K., de Heus,P., Kolodziejek,M., Schiefer,P., Seidel,B., Stiasny,K., Nowotny,N., Camp,J., Schmoll,F.","University of Veterinary Medicine Vienna, Pathobiology, Institute of Virology",Austria,3/28/18,NA,Orthoflavivirus nilense,11013,complete,Austria,Austria,NA,Homo sapiens,urine,2015,Lineage_2,1,https://www.tandfonline.com/doi/full/10.1038/s41426-018-0021-5#d1e513,
MF984346,West Nile virus,GenBank,set:MF984346,"Kolodziejek,J., Jungbauer,C., Aberle,S.W., Allerberger,F., Bago,Z., Camp,J.V., Dimmel,K., de Heus,P., Kolodziejek,M., Schiefer,P., Seidel,B., Stiasny,K., Nowotny,N., Camp,J., Schmoll,F.","University of Veterinary Medicine Vienna, Pathobiology, Institute of Virology",Austria,3/28/18,NA,Orthoflavivirus nilense,10829,complete,Austria,Austria,NA,Homo sapiens,blood,2016,Lineage_2,0,https://www.tandfonline.com/doi/full/10.1038/s41426-018-0021-5#d1e513,
MF984347,West Nile virus,GenBank,set:MF984347,"Kolodziejek,J., Jungbauer,C., Aberle,S.W., Allerberger,F., Bago,Z., Camp,J.V., Dimmel,K., de Heus,P., Kolodziejek,M., Schiefer,P., Seidel,B., Stiasny,K., Nowotny,N., Camp,J., Schmoll,F.","University of Veterinary Medicine Vienna, Pathobiology, Institute of Virology",Austria,3/28/18,NA,Orthoflavivirus nilense,10991,complete,Austria,Austria,NA,Homo sapiens,blood,2016,Lineage_2,0,https://www.tandfonline.com/doi/full/10.1038/s41426-018-0021-5#d1e513,
MF984348,West Nile virus,GenBank,set:MF984348,"Kolodziejek,J., Jungbauer,C., Aberle,S.W., Allerberger,F., Bago,Z., Camp,J.V., Dimmel,K., de Heus,P., Kolodziejek,M., Schiefer,P., Seidel,B., Stiasny,K., Nowotny,N., Camp,J., Schmoll,F.","University of Veterinary Medicine Vienna, Pathobiology, Institute of Virology",Austria,3/28/18,NA,Orthoflavivirus nilense,10832,complete,Austria,Austria,NA,Homo sapiens,blood,2016,Lineage_2,0,https://www.tandfonline.com/doi/full/10.1038/s41426-018-0021-5#d1e513,
MH021189,West Nile virus,GenBank,set:MH021189,"Wollants,E., Smolders,D., Naesens,R., Bruynseels,P., Lagrou,K., Matthijnssens,J., Van Ranst,M.","Rega institute KULeuven, Clinical and Epidemiological Virology",Belgium,3/24/18,WNV/Belgium/2017/Antwerpen,Orthoflavivirus nilense,11060,complete,Belgium,Belgium,NA,Homo sapiens,NA,2017-10,Lineage_2,0,https://pmc.ncbi.nlm.nih.gov/articles/PMC6256386/,
MF797870,West Nile virus,GenBank,set:MF797870,"Richter,J., Tryfonos,C., Christdoulou,C.","Cyprus Institute of Neurology and Genetics, Molecular Virology",Cyprus,9/19/17,NA,Orthoflavivirus nilense,10982,complete,Cyprus,Cyprus,NA,Homo sapiens,urine,2016-07,Lineage_1,1,https://journals.asm.org/doi/10.1128/genomea.01110-17,
KY594040,West Nile virus,GenBank,set:KY594040,"Romo,H.E., Brault,A.C., Papa,A.","Centers for Disease Control and Prevention, Division of Vector-Borne Diseases",USA,8/31/17,341/2010,Orthoflavivirus nilense,11050,complete,Greece,Greece,NA,Homo sapiens,NA,2010,Lineage_2,0,blood donor,
KU206781,West Nile virus,GenBank,set:KU206781,"Baymakova,M., Trifonova,I., Panayotova,E., Dakova,S., Pacenti,M., Barzon,L., Lavezzo,E., Hristov,Y., Ramshev,K., Plochev,K., Palu,G., Christova,I., Franchin,E.","University of Padua, Department of Molecular Medicine",Italy,7/16/16,NA,Orthoflavivirus nilense,10983,complete,Bulgaria,Bulgaria,NA,Homo sapiens,NA,8/27/15,Lineage_2,1,https://pmc.ncbi.nlm.nih.gov/articles/PMC5189127/,
KP789953,West Nile virus,GenBank,set:KP789953,"Barzon,L., Papa,A., Lavezzo,E., Franchin,E., Pacenti,M., Sinigaglia,A., Masi,G., Squarzon,L., Toppo,S., Nowotny,N., Rovida,F., Ulbert,S., Baldanti,F., Percivalle,E., Palu,G.","University of Padua, Department of Molecular Medicine",Italy,7/1/15,NA,Orthoflavivirus nilense,10994,complete,Italy,Italy,NA,Homo sapiens,NA,2014,Lineage_2,1,lineage II; phenotype: WNND,
KP789954,West Nile virus,GenBank,set:KP789954,"Barzon,L., Papa,A., Lavezzo,E., Franchin,E., Pacenti,M., Sinigaglia,A., Masi,G., Squarzon,L., Toppo,S., Nowotny,N., Rovida,F., Ulbert,S., Baldanti,F., Percivalle,E., Palu,G.","University of Padua, Department of Molecular Medicine",Italy,7/1/15,NA,Orthoflavivirus nilense,11000,complete,Italy,Italy,NA,Homo sapiens,NA,2014,Lineage_2,1,lineage II; phenotype: WNND,
KP789955,West Nile virus,GenBank,set:KP789955,"Barzon,L., Papa,A., Lavezzo,E., Franchin,E., Pacenti,M., Sinigaglia,A., Masi,G., Squarzon,L., Toppo,S., Nowotny,N., Rovida,F., Ulbert,S., Baldanti,F., Percivalle,E., Palu,G.","University of Padua, Department of Molecular Medicine",Italy,7/1/15,NA,Orthoflavivirus nilense,10995,complete,Italy,Italy,NA,Homo sapiens,urine,2014,Lineage_2,0,lineage II,
KP789956,West Nile virus,GenBank,set:KP789956,"Barzon,L., Papa,A., Lavezzo,E., Franchin,E., Pacenti,M., Sinigaglia,A., Masi,G., Squarzon,L., Toppo,S., Nowotny,N., Rovida,F., Ulbert,S., Baldanti,F., Percivalle,E., Palu,G.","University of Padua, Department of Molecular Medicine",Italy,7/1/15,NA,Orthoflavivirus nilense,10938,complete,Italy,Italy,NA,Homo sapiens,urine,2014,Lineage_2,0,lineage II,
KP789957,West Nile virus,GenBank,set:KP789957,"Barzon,L., Papa,A., Lavezzo,E., Franchin,E., Pacenti,M., Sinigaglia,A., Masi,G., Squarzon,L., Toppo,S., Nowotny,N., Rovida,F., Ulbert,S., Baldanti,F., Percivalle,E., Palu,G.","University of Padua, Department of Molecular Medicine",Italy,7/1/15,NA,Orthoflavivirus nilense,10999,complete,Italy,Italy,NA,Homo sapiens,NA,2014,Lineage_2,1,lineage II; phenotype: WNND,
KP789958,West Nile virus,GenBank,set:KP789958,"Barzon,L., Papa,A., Lavezzo,E., Franchin,E., Pacenti,M., Sinigaglia,A., Masi,G., Squarzon,L., Toppo,S., Nowotny,N., Rovida,F., Ulbert,S., Baldanti,F., Percivalle,E., Palu,G.","University of Padua, Department of Molecular Medicine",Italy,7/1/15,NA,Orthoflavivirus nilense,11000,complete,Italy,Italy,NA,Homo sapiens,NA,2014,Lineage_2,0,lineage II; phenotype: WNF,
KP789959,West Nile virus,GenBank,set:KP789959,"Barzon,L., Papa,A., Lavezzo,E., Franchin,E., Pacenti,M., Sinigaglia,A., Masi,G., Squarzon,L., Toppo,S., Nowotny,N., Rovida,F., Ulbert,S., Baldanti,F., Percivalle,E., Palu,G.","University of Padua, Department of Molecular Medicine",Italy,7/1/15,NA,Orthoflavivirus nilense,10947,complete,Italy,Italy,NA,Homo sapiens,NA,2014,Lineage_2,1,lineage II; phenotype: WNND,
KP789960,West Nile virus,GenBank,set:KP789960,"Barzon,L., Papa,A., Lavezzo,E., Franchin,E., Pacenti,M., Sinigaglia,A., Masi,G., Squarzon,L., Toppo,S., Nowotny,N., Rovida,F., Ulbert,S., Baldanti,F., Percivalle,E., Palu,G.","University of Padua, Department of Molecular Medicine",Italy,7/1/15,NA,Orthoflavivirus nilense,10949,complete,Italy,Italy,NA,Homo sapiens,urine,2013,Lineage_2,0,lineage II,
KP109691,West Nile virus,GenBank,set:KP109691,"Kolodziejek,J., Seidel,B., Jungbauer,C., Dimmel,K., Kolodziejek,M., Rudolf,I., Hubalek,Z., Allerberger,F., Nowotny,N.","University of Veterinary Medicine Vienna, Viral Zoonoses, Emerging and Vector-Borne Infections Group, Institute of Virology",Austria,5/20/15,NA,Orthoflavivirus nilense,10988,complete,Austria,Austria,NA,Homo sapiens,NA,2014,Lineage_2,0,West Nile virus strain blood donor,
KM659876,West Nile virus,GenBank,set:KM659876,"Jungbauer,C., Hourfar,M.K., Stiasny,K., Aberle,S.W., Cadar,D., Schmidt-Chanasit,J., Mayr,W.R., Hourfar,K.","Bernhard Nocht Institute for Tropical Medicine, Arbovirology",Germany,11/18/14,NA,Orthoflavivirus nilense,11028,complete,Austria,Austria,NA,Homo sapiens,blood,2014,Lineage_2,0,human blood donor serum,
KF647249,West Nile virus,GenBank,set:KF647249,"Barzon,L., Pacenti,M., Franchin,E., Lavezzo,E., Masi,G., Squarzon,L., Pagni,S., Toppo,S., Russo,F., Cattai,M., Cusinato,R., Palu,G.","University of Padua, Department of Molecular Medicine",Italy,12/8/13,NA,Orthoflavivirus nilense,10986,complete,"Italy: Veneto region, Rovigo",Italy,NA,Homo sapiens,urine,2013-08,Lineage_2,0,https://www.eurosurveillance.org/images/dynamic/EE/V18N38/Barzon_tab1.jpg,
KF647250,West Nile virus,GenBank,set:KF647250,"Barzon,L., Pacenti,M., Franchin,E., Lavezzo,E., Masi,G., Squarzon,L., Pagni,S., Toppo,S., Russo,F., Cattai,M., Cusinato,R., Palu,G.","University of Padua, Department of Molecular Medicine",Italy,12/8/13,NA,Orthoflavivirus nilense,11013,complete,"Italy: Veneto region, Rovigo",Italy,NA,Homo sapiens,urine,2013-08,Lineage_2,0,https://www.eurosurveillance.org/images/dynamic/EE/V18N38/Barzon_tab1.jpg,
KF647251,West Nile virus,GenBank,set:KF647251,"Barzon,L., Pacenti,M., Franchin,E., Lavezzo,E., Masi,G., Squarzon,L., Pagni,S., Toppo,S., Russo,F., Cattai,M., Cusinato,R., Palu,G.","University of Padua, Department of Molecular Medicine",Italy,12/8/13,NA,Orthoflavivirus nilense,10994,complete,"Italy: Veneto region, Padova",Italy,NA,Homo sapiens,urine,2013-08,Lineage_2,1,https://www.eurosurveillance.org/images/dynamic/EE/V18N38/Barzon_tab1.jpg,
KF647252,West Nile virus,GenBank,set:KF647252,"Barzon,L., Pacenti,M., Franchin,E., Lavezzo,E., Masi,G., Squarzon,L., Pagni,S., Toppo,S., Russo,F., Cattai,M., Cusinato,R., Palu,G.","University of Padua, Department of Molecular Medicine",Italy,12/8/13,NA,Orthoflavivirus nilense,10974,complete,"Italy: Veneto region, Rovigo",Italy,NA,Homo sapiens,urine,2013-08,Lineage_2,1,https://www.eurosurveillance.org/images/dynamic/EE/V18N38/Barzon_tab1.jpg,
KF647253,West Nile virus,GenBank,set:KF647253,"Barzon,L., Pacenti,M., Franchin,E., Lavezzo,E., Masi,G., Squarzon,L., Pagni,S., Toppo,S., Russo,F., Cattai,M., Cusinato,R., Palu,G.","University of Padua, Department of Molecular Medicine",Italy,12/8/13,NA,Orthoflavivirus nilense,10483,complete,"Italy: Veneto region, Rovigo",Italy,NA,Homo sapiens,blood,2013-08,Lineage_1,0,https://www.eurosurveillance.org/images/dynamic/EE/V18N38/Barzon_tab1.jpg,
KF588365,West Nile virus,GenBank,set:KF588365,"Barzon,L., Pacenti,M., Franchin,E., Lavezzo,E., Masi,G., Squarzon,L., Pagni,S., Toppo,S., Russo,F., Cattai,M., Cusinato,R., Palu,G.","University of Padua, Department of Molecular Medicine",Italy,10/28/13,NA,Orthoflavivirus nilense,10998,complete,"Italy: Veneto region, Rovigo",Italy,NA,Homo sapiens,urine,2013-08,Lineage_2,1,https://www.eurosurveillance.org/images/dynamic/EE/V18N38/Barzon_tab1.jpg,
KF179639,West Nile virus,GenBank,set:KF179639,"Barzon,L., Pacenti,M., Franchin,E., Lavezzo,E., Squarzon,L., Toppo,S., Martello,T., Cattai,M., Cusinato,R., Papa,A., Palu,G.","University of Padua, Department of Molecular Medicine",Italy,10/27/13,NA,Orthoflavivirus nilense,11000,complete,Greece: Kavala prefecture,Greece,NA,Homo sapiens,urine,2012-09,Lineage_2,1,https://www.mdpi.com/1999-4915/5/9/2311,
KF234080,West Nile virus,GenBank,set:KF234080,"Lim,S.M., Koraka,P., van Boheemen,S., Roose,J.M., Jaarsma,D., van de Vijver,D.A., Osterhaus,A.D., Martina,B.E., Sambri,V., Rossini,G., van de Vijver,D.A.M.C., Osterhaus,A.D.M.E., Martina,B.E.E.","Erasmus MC, Viroscience Lab",Netherlands,9/25/13,NA,Orthoflavivirus nilense,11030,complete,Italy: Emilia-Romagna region,Italy,NA,Homo sapiens,NA,2009,Lineage_1,1,patient with neuroinvasive WNV,
KC954092,West Nile virus,GenBank,set:KC954092,"Barzon,L., Pacenti,M., Franchin,E., Pagni,S., Lavezzo,E., Squarzon,L., Martello,T., Russo,F., Nicoletti,L., Rezza,G., Castilletti,C., Capobianchi,M.R., Salcuni,P., Cattai,M., Cusinato,R., Palu,G., Toppo,S.","University of Padua, Department of Molecular Medicine",Italy,8/12/13,NA,Orthoflavivirus nilense,10781,complete,"Italy: Veneto region, Portogruaro",Italy,NA,Homo sapiens,urine,2012-09,Lineage_1,1,https://www.mdpi.com/1999-4915/5/11/2825,
JQ700438,West Nile virus,GenBank,set:JQ700438,"Anez,G., Grinev,A., Chancey,C., Ball,C., Akolkar,N., Land,K.J., Winkelman,V., Stramer,S.L., Kramer,L.D., Rios,M.",FDA/CBER,USA,6/12/13,BSL4-11,Orthoflavivirus nilense,11016,complete,USA,USA,NA,Homo sapiens,NA,2011,Lineage_1,0,https://journals.plos.org/plosntds/article?id=10.1371/journal.pntd.0002245#s5,
JQ700439,West Nile virus,GenBank,set:JQ700439,"Anez,G., Grinev,A., Chancey,C., Ball,C., Akolkar,N., Land,K.J., Winkelman,V., Stramer,S.L., Kramer,L.D., Rios,M.",FDA/CBER,USA,6/12/13,BSL6-11,Orthoflavivirus nilense,11029,complete,USA,USA,NA,Homo sapiens,NA,2011,Lineage_1,0,https://journals.plos.org/plosntds/article?id=10.1371/journal.pntd.0002245#s5,
JQ700440,West Nile virus,GenBank,set:JQ700440,"Anez,G., Grinev,A., Chancey,C., Ball,C., Akolkar,N., Land,K.J., Winkelman,V., Stramer,S.L., Kramer,L.D., Rios,M.",FDA/CBER,USA,6/12/13,BSL23-11,Orthoflavivirus nilense,11029,complete,USA,USA,NA,Homo sapiens,NA,2011,Lineage_1,0,https://journals.plos.org/plosntds/article?id=10.1371/journal.pntd.0002245#s5,
JQ700441,West Nile virus,GenBank,set:JQ700441,"Anez,G., Grinev,A., Chancey,C., Ball,C., Akolkar,N., Land,K.J., Winkelman,V., Stramer,S.L., Kramer,L.D., Rios,M.",FDA/CBER,USA,6/12/13,BSL24-11,Orthoflavivirus nilense,11029,complete,USA,USA,NA,Homo sapiens,NA,2011,Lineage_1,0,https://journals.plos.org/plosntds/article?id=10.1371/journal.pntd.0002245#s5,
JQ700442,West Nile virus,GenBank,set:JQ700442,"Anez,G., Grinev,A., Chancey,C., Ball,C., Akolkar,N., Land,K.J., Winkelman,V., Stramer,S.L., Kramer,L.D., Rios,M.",FDA/CBER,USA,6/12/13,BSL26-11,Orthoflavivirus nilense,11029,complete,USA,USA,NA,Homo sapiens,NA,2011,Lineage_1,0,https://journals.plos.org/plosntds/article?id=10.1371/journal.pntd.0002245#s5,
JF957161,West Nile virus,GenBank,set:JF957161,"Anez,G., Grinev,A., Chancey,C., Ball,C., Akolkar,N., Land,K.J., Winkelman,V., Stramer,S.L., Kramer,L.D., Rios,M.",FDA/CBER,USA,5/13/13,ARC10-06,Orthoflavivirus nilense,11016,complete,USA: ID,USA,ID,NA,NA,2006,Lineage_1,0,https://journals.plos.org/plosntds/article?id=10.1371/journal.pntd.0002245#s5,
JF957162,West Nile virus,GenBank,set:JF957162,"Anez,G., Grinev,A., Chancey,C., Ball,C., Akolkar,N., Land,K.J., Winkelman,V., Stramer,S.L., Kramer,L.D., Rios,M.",FDA/CBER,USA,5/13/13,ARC13-06,Orthoflavivirus nilense,11016,complete,USA: ID,USA,ID,NA,NA,2006,Lineage_1,0,https://journals.plos.org/plosntds/article?id=10.1371/journal.pntd.0002245#s5,
JF957163,West Nile virus,GenBank,set:JF957163,"Anez,G., Grinev,A., Chancey,C., Ball,C., Akolkar,N., Land,K.J., Winkelman,V., Stramer,S.L., Kramer,L.D., Rios,M.",FDA/CBER,USA,5/13/13,ARC17-06,Orthoflavivirus nilense,11016,complete,USA: ID,USA,ID,NA,NA,2006,Lineage_1,0,https://journals.plos.org/plosntds/article?id=10.1371/journal.pntd.0002245#s5,
JF957164,West Nile virus,GenBank,set:JF957164,"Anez,G., Grinev,A., Chancey,C., Ball,C., Akolkar,N., Land,K.J., Winkelman,V., Stramer,S.L., Kramer,L.D., Rios,M.",FDA/CBER,USA,5/13/13,ARC23-06,Orthoflavivirus nilense,11029,complete,USA: ID,USA,ID,NA,NA,2006,Lineage_1,0,https://journals.plos.org/plosntds/article?id=10.1371/journal.pntd.0002245#s5,
JF957165,West Nile virus,GenBank,set:JF957165,"Anez,G., Grinev,A., Chancey,C., Ball,C., Akolkar,N., Land,K.J., Winkelman,V., Stramer,S.L., Kramer,L.D., Rios,M.",FDA/CBER,USA,5/13/13,ARC27-06,Orthoflavivirus nilense,11016,complete,USA: ID,USA,ID,NA,NA,2006,Lineage_1,0,https://journals.plos.org/plosntds/article?id=10.1371/journal.pntd.0002245#s5,
JF957166,West Nile virus,GenBank,set:JF957166,"Anez,G., Grinev,A., Chancey,C., Ball,C., Akolkar,N., Land,K.J., Winkelman,V., Stramer,S.L., Kramer,L.D., Rios,M.",FDA/CBER,USA,5/13/13,ARC33-06,Orthoflavivirus nilense,11029,complete,USA: UT,USA,UT,NA,NA,2006,Lineage_1,0,https://journals.plos.org/plosntds/article?id=10.1371/journal.pntd.0002245#s5,
JF957167,West Nile virus,GenBank,set:JF957167,"Anez,G., Grinev,A., Chancey,C., Ball,C., Akolkar,N., Land,K.J., Winkelman,V., Stramer,S.L., Kramer,L.D., Rios,M.",FDA/CBER,USA,5/13/13,BSL106-06,Orthoflavivirus nilense,11016,complete,USA: ND,USA,ND,NA,NA,2006,Lineage_1,0,https://journals.plos.org/plosntds/article?id=10.1371/journal.pntd.0002245#s5,
JF957168,West Nile virus,GenBank,set:JF957168,"Anez,G., Grinev,A., Chancey,C., Ball,C., Akolkar,N., Land,K.J., Winkelman,V., Stramer,S.L., Kramer,L.D., Rios,M.",FDA/CBER,USA,5/13/13,ARC140-07,Orthoflavivirus nilense,11016,complete,USA: ID,USA,ID,NA,NA,2007,Lineage_1,0,https://journals.plos.org/plosntds/article?id=10.1371/journal.pntd.0002245#s5,
JF957169,West Nile virus,GenBank,set:JF957169,"Anez,G., Grinev,A., Chancey,C., Ball,C., Akolkar,N., Land,K.J., Winkelman,V., Stramer,S.L., Kramer,L.D., Rios,M.",FDA/CBER,USA,5/13/13,CO4-07,Orthoflavivirus nilense,11026,complete,USA: CO,USA,CO,NA,NA,2007,Lineage_1,0,https://journals.plos.org/plosntds/article?id=10.1371/journal.pntd.0002245#s5,
JF957170,West Nile virus,GenBank,set:JF957170,"Anez,G., Grinev,A., Chancey,C., Ball,C., Akolkar,N., Land,K.J., Winkelman,V., Stramer,S.L., Kramer,L.D., Rios,M.",FDA/CBER,USA,5/13/13,CO5-07,Orthoflavivirus nilense,11029,complete,USA: CO,USA,CO,NA,NA,2007,Lineage_1,0,https://journals.plos.org/plosntds/article?id=10.1371/journal.pntd.0002245#s5,
JF957173,West Nile virus,GenBank,set:JF957173,"Anez,G., Grinev,A., Chancey,C., Ball,C., Akolkar,N., Land,K.J., Winkelman,V., Stramer,S.L., Kramer,L.D., Rios,M.",FDA/CBER,USA,5/13/13,BSL173-08,Orthoflavivirus nilense,11029,complete,USA: AZ,USA,AZ,NA,NA,2008,Lineage_1,0,https://journals.plos.org/plosntds/article?id=10.1371/journal.pntd.0002245#s5,
JF957174,West Nile virus,GenBank,set:JF957174,"Anez,G., Grinev,A., Chancey,C., Ball,C., Akolkar,N., Land,K.J., Winkelman,V., Stramer,S.L., Kramer,L.D., Rios,M.",FDA/CBER,USA,5/13/13,BSL176-08,Orthoflavivirus nilense,11029,complete,USA: NV,USA,NV,NA,NA,2008,Lineage_1,0,https://journals.plos.org/plosntds/article?id=10.1371/journal.pntd.0002245#s5,
JF957175,West Nile virus,GenBank,set:JF957175,"Anez,G., Grinev,A., Chancey,C., Ball,C., Akolkar,N., Land,K.J., Winkelman,V., Stramer,S.L., Kramer,L.D., Rios,M.",FDA/CBER,USA,5/13/13,BSL2-09,Orthoflavivirus nilense,11016,complete,USA: NV,USA,NV,NA,NA,2009,Lineage_1,0,https://journals.plos.org/plosntds/article?id=10.1371/journal.pntd.0002245#s5,
JF957176,West Nile virus,GenBank,set:JF957176,"Anez,G., Grinev,A., Chancey,C., Ball,C., Akolkar,N., Land,K.J., Winkelman,V., Stramer,S.L., Kramer,L.D., Rios,M.",FDA/CBER,USA,5/13/13,BSL5-09,Orthoflavivirus nilense,11029,complete,USA: AZ,USA,AZ,NA,NA,2009,Lineage_1,0,https://journals.plos.org/plosntds/article?id=10.1371/journal.pntd.0002245#s5,
JF957177,West Nile virus,GenBank,set:JF957177,"Anez,G., Grinev,A., Chancey,C., Ball,C., Akolkar,N., Land,K.J., Winkelman,V., Stramer,S.L., Kramer,L.D., Rios,M.",FDA/CBER,USA,5/13/13,BSL6-09,Orthoflavivirus nilense,11029,complete,USA: NV,USA,NV,NA,NA,2009,Lineage_1,0,https://journals.plos.org/plosntds/article?id=10.1371/journal.pntd.0002245#s5,
JF957178,West Nile virus,GenBank,set:JF957178,"Anez,G., Grinev,A., Chancey,C., Ball,C., Akolkar,N., Land,K.J., Winkelman,V., Stramer,S.L., Kramer,L.D., Rios,M.",FDA/CBER,USA,5/13/13,BSL11-09,Orthoflavivirus nilense,11029,complete,USA: NV,USA,NV,NA,NA,2009,Lineage_1,0,https://journals.plos.org/plosntds/article?id=10.1371/journal.pntd.0002245#s5,
JF957179,West Nile virus,GenBank,set:JF957179,"Anez,G., Grinev,A., Chancey,C., Ball,C., Akolkar,N., Land,K.J., Winkelman,V., Stramer,S.L., Kramer,L.D., Rios,M.",FDA/CBER,USA,5/13/13,BSL18-09,Orthoflavivirus nilense,11029,complete,USA: LA,USA,LA,NA,NA,2009,Lineage_1,0,https://journals.plos.org/plosntds/article?id=10.1371/journal.pntd.0002245#s5,
JF957180,West Nile virus,GenBank,set:JF957180,"Anez,G., Grinev,A., Chancey,C., Ball,C., Akolkar,N., Land,K.J., Winkelman,V., Stramer,S.L., Kramer,L.D., Rios,M.",FDA/CBER,USA,5/13/13,BSL20-09,Orthoflavivirus nilense,11029,complete,USA: NV,USA,NV,NA,NA,2009,Lineage_1,0,https://journals.plos.org/plosntds/article?id=10.1371/journal.pntd.0002245#s5,
JF957181,West Nile virus,GenBank,set:JF957181,"Anez,G., Grinev,A., Chancey,C., Ball,C., Akolkar,N., Land,K.J., Winkelman,V., Stramer,S.L., Kramer,L.D., Rios,M.",FDA/CBER,USA,5/13/13,BSL22-09,Orthoflavivirus nilense,11029,complete,USA: SD,USA,SD,NA,NA,2009,Lineage_1,0,https://journals.plos.org/plosntds/article?id=10.1371/journal.pntd.0002245#s5,
JF957182,West Nile virus,GenBank,set:JF957182,"Anez,G., Grinev,A., Chancey,C., Ball,C., Akolkar,N., Land,K.J., Winkelman,V., Stramer,S.L., Kramer,L.D., Rios,M.",FDA/CBER,USA,5/13/13,BSL24-09,Orthoflavivirus nilense,11029,complete,USA: TX,USA,TX,NA,NA,2009,Lineage_1,0,https://journals.plos.org/plosntds/article?id=10.1371/journal.pntd.0002245#s5,
JF957183,West Nile virus,GenBank,set:JF957183,"Anez,G., Grinev,A., Chancey,C., Ball,C., Akolkar,N., Land,K.J., Winkelman,V., Stramer,S.L., Kramer,L.D., Rios,M.",FDA/CBER,USA,5/13/13,BSL27-09,Orthoflavivirus nilense,11029,complete,USA: TX,USA,TX,NA,NA,2009,Lineage_1,0,https://journals.plos.org/plosntds/article?id=10.1371/journal.pntd.0002245#s5,
JF957184,West Nile virus,GenBank,set:JF957184,"Anez,G., Grinev,A., Chancey,C., Ball,C., Akolkar,N., Land,K.J., Winkelman,V., Stramer,S.L., Kramer,L.D., Rios,M.",FDA/CBER,USA,5/13/13,CO7-09,Orthoflavivirus nilense,11029,complete,USA: CO,USA,CO,NA,NA,2009,Lineage_1,0,https://journals.plos.org/plosntds/article?id=10.1371/journal.pntd.0002245#s5,
JF957185,West Nile virus,GenBank,set:JF957185,"Anez,G., Grinev,A., Chancey,C., Ball,C., Akolkar,N., Land,K.J., Winkelman,V., Stramer,S.L., Kramer,L.D., Rios,M.",FDA/CBER,USA,5/13/13,BSL2-10,Orthoflavivirus nilense,11029,complete,USA: AZ,USA,AZ,NA,NA,2010,Lineage_1,0,https://journals.plos.org/plosntds/article?id=10.1371/journal.pntd.0002245#s5,
JF957186,West Nile virus,GenBank,set:JF957186,"Anez,G., Grinev,A., Chancey,C., Ball,C., Akolkar,N., Land,K.J., Winkelman,V., Stramer,S.L., Kramer,L.D., Rios,M.",FDA/CBER,USA,5/13/13,BSL3-10,Orthoflavivirus nilense,11029,complete,USA: AZ,USA,AZ,NA,NA,2010,Lineage_1,0,https://journals.plos.org/plosntds/article?id=10.1371/journal.pntd.0002245#s5,
KC601756,West Nile virus,GenBank,set:KC601756,"Balakrishnan,A., Butte,D.K., Jadhav,S.M., Anukumar,B., Mourya,D.T.","National Institute of Virology, Kerala Unit",India,4/1/13,1048813,Orthoflavivirus nilense,10948,complete,India: Kerala,India,NA,Homo sapiens,NA,2011-02,Lineage_1,1,https://journals.asm.org/doi/10.1128/genomea.00230-13?url_ver=Z39.88-2003&rfr_id=ori%3Arid%3Acrossref.org&rfr_dat=cr_pub++0pubmed,
JX556213,West Nile virus,GenBank,set:JX556213,"Barzon,L., Pacenti,M., Franchin,E., Martello,T., Lavezzo,E., Squarzon,L., Toppo,S., Fiorin,F., Marchiori,G., Scotton,G., Russo,F., Cattai,M., Cusinato,R., Palu,G.","University of Padua, Department of Molecular Medicine",Italy,9/12/12,NA,Orthoflavivirus nilense,10736,complete,"Italy: Veneto region, Venice province",Italy,NA,Homo sapiens,NA,8/3/12,Lineage_1,0,cultured viral isolate from blood donor,
JQ928174,West Nile virus,GenBank,set:JQ928174,"Barzon,L., Pacenti,M., Franchin,E., Lavezzo,E., Martello,T., Squarzon,L., Toppo,S., Fiorin,F., Marchiori,G., Russo,F., Cattai,M., Cusinato,R., Palu,G.","University of Padua, Department of Molecular Medicine",Italy,8/12/12,NA,Orthoflavivirus nilense,10714,complete,"Italy: Veneto region, Treviso",Italy,NA,Homo sapiens,blood,2011-09,Lineage_1,0,plasma from blood donor,
JQ928175,West Nile virus,GenBank,set:JQ928175,"Barzon,L., Pacenti,M., Franchin,E., Lavezzo,E., Martello,T., Squarzon,L., Toppo,S., Fiorin,F., Marchiori,G., Russo,F., Cattai,M., Cusinato,R., Palu,G.","University of Padua, Department of Molecular Medicine",Italy,8/12/12,NA,Orthoflavivirus nilense,10477,complete,"Italy: Veneto region, Treviso",Italy,NA,Homo sapiens,urine,2011-09,Lineage_1,0,https://www.eurosurveillance.org/content/10.2807/ese.17.31.20231-en,
JN858069,West Nile virus,GenBank,set:JN858069,"Bagnarelli,P., Trotta,D., Marinelli,K., Monachetti,A.","University Politecnica Marche, Biomedical Sciences & Public Health",Italy,12/6/11,Italy/2011/AN-1,Orthoflavivirus nilense,10895,complete,Italy,Italy,NA,Homo sapiens,urine,2011-09,Lineage_1,0,urine from infected transplant recipient,
JN858070,West Nile virus,GenBank,set:JN858070,"Bagnarelli,P., Marinelli,K., Trotta,D., Monachetti,A., Tavio,M., Del Gobbo,R., Capobianchi,M., Menzo,S., Nicoletti,L., Magurano,F., Varaldo,P.","University Politecnica Marche, Biomedical Sciences & Public Health",Italy,12/6/11,Italy/2011/AN-2,Orthoflavivirus nilense,10520,complete,Italy,Italy,NA,Homo sapiens,urine,2011-09,Lineage_2,0,https://www.eurosurveillance.org/images/dynamic/EE/V16N43/art20002.pdf,
GU011992,West Nile virus,GenBank,set:GU011992,"Barzon,L., Franchin,E., Squarzon,L., Lavezzo,E., Toppo,S., Martello,T., Bressan,S., Pagni,S., Cattai,M., Piazza,A., Pacenti,M., Cusinato,R., Palu,G.","University of Padova, Histology, Microbiology and Medical Biotechnologies",Italy,10/20/09,NA,Orthoflavivirus nilense,11030,complete,Italy,Italy,NA,Homo sapiens,NA,2009,Lineage_1,0,blood donor,
EF429197,West Nile virus SPU116/89,GenBank,set:EF429197,"Botha,E.M., Markotter,W., Wolfaardt,M., Paweska,J.T., Swanepoel,R., Palacios,G., Nel,L.H., Venter,M.","University of Pretoria, Microbiology and Plant Pathology",NA,2/29/08,NA,Orthoflavivirus nilense,11052,complete,South Africa,South Africa,NA,Homo sapiens,NA,1989,Lineage_2,1,"patient with fever, rash, myalgia, and encephalitis",
EF429198,West Nile virus SA93/01,GenBank,set:EF429198,"Botha,E.M., Markotter,W., Wolfaardt,M., Paweska,J.T., Swanepoel,R., Palacios,G., Nel,L.H., Venter,M.","University of Pretoria, Microbiology and Plant Pathology",NA,2/29/08,NA,Orthoflavivirus nilense,11052,complete,South Africa,South Africa,NA,Homo sapiens,NA,2001,Lineage_2,1,"patient with fever, rash, myalgia, and encephalitis",
EF429199,West Nile virus SA381/00,GenBank,set:EF429199,"Botha,E.M., Markotter,W., Wolfaardt,M., Paweska,J.T., Swanepoel,R., Palacios,G., Nel,L.H., Venter,M.","University of Pretoria, Microbiology and Plant Pathology",NA,2/29/08,NA,Orthoflavivirus nilense,11052,complete,South Africa,South Africa,NA,Homo sapiens,NA,2000,Lineage_2,1,"patient with fever, rash, myalgia, and encephalitis",
EF429200,West Nile virus H442,GenBank,set:EF429200,"Botha,E.M., Markotter,W., Wolfaardt,M., Paweska,J.T., Swanepoel,R., Palacios,G., Nel,L.H., Venter,M.","University of Pretoria, Microbiology and Plant Pathology",NA,2/29/08,NA,Orthoflavivirus nilense,11051,complete,South Africa,South Africa,NA,Homo sapiens,NA,1958,Lineage_2,1,"patient with fever, rash, myalgia, and encephalitis",
DQ666448,West Nile virus,GenBank,set:DQ666448,"Grinev,A., Rios,M.","CBER/FDA, DETTD",USA,7/1/07,BSL5-2004,Orthoflavivirus nilense,11029,complete,USA,USA,NA,NA,NA,NA,Lineage_1,0,"Genetic variability in West Nile virus (WNV) isolates from blood donors specimens from 2002, 2003 and 2004 USA epidemics",
DQ666449,West Nile virus,GenBank,set:DQ666449,"Grinev,A., Rios,M.","CBER/FDA, DETTD",USA,7/1/07,GCTX1-2005,Orthoflavivirus nilense,11029,complete,USA,USA,NA,NA,NA,NA,Lineage_1,0,"Genetic variability in West Nile virus (WNV) isolates from blood donors specimens from 2002, 2003 and 2004 USA epidemics",
DQ666450,West Nile virus,GenBank,set:DQ666450,"Grinev,A., Rios,M.","CBER/FDA, DETTD",USA,7/1/07,GCTX2-2005,Orthoflavivirus nilense,11029,complete,USA,USA,NA,NA,NA,NA,Lineage_1,0,"Genetic variability in West Nile virus (WNV) isolates from blood donors specimens from 2002, 2003 and 2004 USA epidemics",
DQ666451,West Nile virus,GenBank,set:DQ666451,"Grinev,A., Rios,M.","CBER/FDA, DETTD",USA,7/1/07,BSL13-2005,Orthoflavivirus nilense,11029,complete,USA,USA,NA,NA,NA,NA,Lineage_1,0,"Genetic variability in West Nile virus (WNV) isolates from blood donors specimens from 2002, 2003 and 2004 USA epidemics",
DQ666452,West Nile virus,GenBank,set:DQ666452,"Grinev,A., Rios,M.","CBER/FDA, DETTD",USA,7/1/07,BSL2-2005,Orthoflavivirus nilense,11015,complete,USA,USA,NA,NA,NA,NA,Lineage_1,0,"Genetic variability in West Nile virus (WNV) isolates from blood donors specimens from 2002, 2003 and 2004 USA epidemics",
DQ005530,West Nile virus,GenBank,set:DQ005530,"Grinev,A., Rios,M.","FDA, CBER/DTTD/LMV",USA,9/1/06,FDA-BSL5-2003,Orthoflavivirus nilense,11029,complete,USA,USA,NA,NA,NA,NA,Lineage_1,0,"Genetic variability in West Nile virus (WNV) isolates from blood donors specimens from 2002, 2003 and 2004 USA epidemics",
DQ164197,West Nile virus,GenBank,set:DQ164197,"Davis,C.T., Ebel,G.D., Lanciotti,R.S., Brault,A.C., Guzman,H., Siirin,M., Lambert,A., Parsons,R.E., Beasley,D.W., Novak,R.J., Elizondo-Quiroga,D., Green,E.N., Young,D.S., Stark,L.M., Drebot,M.A., Artsob,H., Tesh,R.B., Kramer,L.D., Barrett,A.D., Davis,T.C.","University of Texas Medical Branch, Pathology",USA,10/8/05,GA 2002 2,Orthoflavivirus nilense,11029,complete,USA: GA,USA,GA,Homo sapiens,brain,2002,Lineage_1,1,https://www.sciencedirect.com/science/article/pii/S0042682205004149?via%3Dihub,
AY646354,West Nile virus,GenBank,set:AY646354,"Grinev,A., Anez,G., Rios,M., Machuca,A.","CBER/FDA, DETTD",USA,6/1/05,NA,Orthoflavivirus nilense,11030,complete,USA,USA,NA,Homo sapiens,blood,NA,Lineage_1,0,https://journals.asm.org/doi/10.1128/genomea.00811-14,
AY795965,West Nile virus,GenBank,set:AY795965,"Grinev,A., Rios,M.","FDA, CBER/DTTD/LMV",USA,3/1/05,ARC10,Orthoflavivirus nilense,11029,complete,USA,USA,NA,NA,NA,NA,Lineage_1,0,https://pmc.ncbi.nlm.nih.gov/articles/PMC2570840/#sec1,
AY532665,West Nile virus,GenBank,set:AY532665,"Yamshchikov,G., Borisevich,V., Seregin,A., Chaporgina,E., Mishina,M., Mishin,V., Kwok,C.W., Yamshchikov,V., Borisevich,V.G., Yamshchikov,V.F.","University of Kansas, Molecular Biosciences",USA,12/9/04,NA,Orthoflavivirus nilense,11038,complete,NA,NA,NA,NA,NA,NA,Lineage_2,0,https://pmc.ncbi.nlm.nih.gov/articles/PMC2600181/,
AY289214,West Nile virus,GenBank,set:AY289214,"Granwehr,B.P., Li,L., Davis,C.T., Beasley,D.W., Barrett,A.D., Barrett,A.D.T.","University of Texas Medical Branch, Internal Medicine-Infectious Diseases",USA,6/1/04,NA,Orthoflavivirus nilense,11029,complete,NA,NA,NA,NA,NA,NA,Lineage_1,1,https://pmc.ncbi.nlm.nih.gov/articles/PMC525281/,
AY277252,West Nile virus,GenBank,set:AY277252,"Prilipov,A.G., Kinney,R.M., Samokhvalov,E.I., Savage,H.M., Alkhovsky,S.V., Tsychia,R., Gromashevsky,V.L., Sadykova,G.K., Shatalov,A.G., Usachev,E.V., Mokhonov,V.V., Voronina,A.G., Butenko,A.M., Larichev,V.F., Gubler,D.J., Lvov,D.K.","Ivanovsky Virology Institute, Molecular Genetic",Russia,5/3/03,LEIV-Vlg99-27889,Orthoflavivirus nilense,10845,complete,"Russia: Volgograd, low Volga",Russia,NA,NA,brain,NA,Lineage_1,1,human brain in 1999,