"Rank","Feature","nt_pos","allele","Importance_Gain","aa_pos","protein"
1,"p06562_A",6562,"A",0.03,2188,"NS4A"
2,"p06450_G",6450,"G",0.02,2150,"NS4A"
3,"p08380_A",8380,"A",0.02,2794,"NS5"
4,"p09337_A",9337,"A",0.02,3113,"NS5"
5,"p09562_A",9562,"A",0.02,3188,"NS5"
6,"p06225_A",6225,"A",0.01,2075,"NS3"
7,"p06220_A",6220,"A",0.01,2074,"NS3"
8,"p01975_G",1975,"G",0.01,659,"E"
9,"p08128_G",8128,"G",0.01,2710,"NS5"
10,"p01077_A",1077,"A",0.01,359,"E"
11,"p03552_C",3552,"C",0.01,1184,"NS2A"
13,"p06099_G",6099,"G",0.01,2033,"NS3"
14,"p07792_A",7792,"A",0.01,2598,"NS5"
15,"p10230_A",10230,"A",0.01,3410,"NS5"
16,"p09126_A",9126,"A",0.01,3042,"NS5"
17,"p03375_G",3375,"G",0.01,1125,"NS1"
18,"p07774_C",7774,"C",0.01,2592,"NS5"
19,"p06882_T",6882,"T",0.01,2294,"NS4B"
20,"p09810_A",9810,"A",0.01,3270,"NS5"
21,"p04587_G",4587,"G",0.01,1529,"NS3"
22,"p10001_G",10001,"G",0.01,3334,"NS5"
23,"p08185_C",8185,"C",0.01,2729,"NS5"
24,"p06298_C",6298,"C",0.01,2100,"NS3"
25,"p03027_A",3027,"A",0.01,1009,"NS1"
26,"p00071_G",71,"G",0.01,24,"C"
27,"p08107_A",8107,"A",0.01,2703,"NS5"
28,"p09337_C",9337,"C",0.01,3113,"NS5"
29,"p06120_G",6120,"G",0.01,2040,"NS3"
30,"p07497_A",7497,"A",0.01,2499,"NS4B"
31,"p04800_C",4800,"C",0.01,1600,"NS3"
32,"p07756_A",7756,"A",0.01,2586,"NS5"
33,"p09805_A",9805,"A",0.01,3269,"NS5"
34,"p04254_C",4254,"C",0.01,1418,"NS2B"
35,"p01956_G",1956,"G",0.01,652,"E"
36,"p02655_T",2655,"T",0.01,885,"NS1"
37,"p09153_G",9153,"G",0.01,3051,"NS5"
38,"p01434_G",1434,"G",0.01,478,"E"
39,"p03396_T",3396,"T",0.01,1132,"NS1"
40,"p09152_A",9152,"A",0.01,3051,"NS5"
41,"p00507_T",507,"T",0.01,169,"prM"
42,"p03672_G",3672,"G",0.01,1224,"NS2A"
43,"p02413_A",2413,"A",0.01,805,"NS1"
44,"p08762_G",8762,"G",0.01,2921,"NS5"
45,"p07626_A",7626,"A",0.01,2542,"NS5"
46,"p10182_T",10182,"T",0.01,3394,"NS5"
47,"p02108_A",2108,"A",0.01,703,"E"
48,"p06088_A",6088,"A",0.01,2030,"NS3"
49,"p03834_A",3834,"A",0.01,1278,"NS2A"
50,"p03288_A",3288,"A",0.01,1096,"NS1"
51,"p08541_A",8541,"A",0.01,2847,"NS5"
52,"p07324_A",7324,"A",0.01,2442,"NS4B"
53,"p04455_A",4455,"A",0.01,1485,"NS2B"
54,"p09807_T",9807,"T",0.01,3269,"NS5"
55,"p05187_C",5187,"C",0.01,1729,"NS3"
56,"p08005_T",8005,"T",0.01,2669,"NS5"
57,"p06741_G",6741,"G",0.01,2247,"NS4A"
58,"p03869_C",3869,"C",0.01,1290,"NS2A"
59,"p06444_G",6444,"G",0.01,2148,"NS4A"
60,"p04524_G",4524,"G",0.01,1508,"NS3"
61,"p04974_C",4974,"C",0.01,1658,"NS3"
62,"p05865_G",5865,"G",0.01,1955,"NS3"
63,"p00598_C",598,"C",0.01,200,"prM"
64,"p00598_A",598,"A",0.01,200,"prM"
65,"p07400_G",7400,"G",0.01,2467,"NS4B"
66,"p08556_G",8556,"G",0.01,2852,"NS5"
67,"p00777_G",777,"G",0.01,259,"prM"
68,"p09976_A",9976,"A",0.01,3326,"NS5"
69,"p06345_C",6345,"C",0.01,2115,"NS3"
70,"p01836_G",1836,"G",0.01,612,"E"
71,"p07731_T",7731,"T",0.01,2577,"NS5"
72,"p01060_T",1060,"T",0.01,354,"E"
73,"p00441_C",441,"C",0.01,147,"prM"
74,"p02525_C",2525,"C",0.01,842,"NS1"
75,"p06033_G",6033,"G",0.01,2011,"NS3"
76,"p05119_A",5119,"A",0.01,1707,"NS3"
77,"p03012_G",3012,"G",0.01,1004,"NS1"
78,"p04704_A",4704,"A",0.01,1568,"NS3"
79,"p02871_C",2871,"C",0.01,957,"NS1"
80,"p04354_C",4354,"C",0.01,1452,"NS2B"
81,"p00348_G",348,"G",0.01,116,"C"
82,"p05091_G",5091,"G",0.01,1697,"NS3"
83,"p01564_A",1564,"A",0.01,522,"E"
84,"p04047_T",4047,"T",0.01,1349,"NS2A"
85,"p01884_G",1884,"G",0.01,628,"E"
86,"p04716_A",4716,"A",0.01,1572,"NS3"
87,"p06304_G",6304,"G",0.01,2102,"NS3"
88,"p08065_A",8065,"A",0.01,2689,"NS5"
89,"p02709_A",2709,"A",0.01,903,"NS1"
90,"p06126_C",6126,"C",0.01,2042,"NS3"
91,"p01565_C",1565,"C",0.01,522,"E"
92,"p02884_A",2884,"A",0.01,962,"NS1"
93,"p09165_C",9165,"C",0.009951,3055,"NS5"
94,"p00477_G",477,"G",0.009951,159,"prM"
95,"p07983_C",7983,"C",4.9e-05,2661,"NS5"
96,"p08742_G",8742,"G",4.9e-05,2914,"NS5"
97,"p06939_A",6939,"A",0,2313,"NS4B"
98,"p06907_A",6907,"A",0,2303,"NS4B"
99,"p06906_G",6906,"G",0,2302,"NS4B"
100,"p06933_G",6933,"G",0,2311,"NS4B"
